<module xmlns="urn:jboss:module:1.0" name="org.camunda.spin.camunda-spin-dataformat-json-jackson">
  <resources>
    <resource-root path="camunda-spin-dataformat-json-jackson-@version.camunda.spin@.jar" />
  </resources>

  <dependencies>
    <module name="javax.api"/>

    <module name="org.camunda.spin.camunda-spin-core" />
    <module name="org.camunda.commons.camunda-commons-logging" />
    <module name="org.camunda.commons.camunda-commons-utils" />
    <module name="org.camunda.commons.camunda-commons-typed-values" />

    <module name="com.fasterxml.jackson.core.jackson-databind" slot="@version.jackson@" />
    <module name="com.jayway.jsonpath.json-path" />
  </dependencies>

</module>
