<?xml version="1.0" encoding="UTF-8"?>
<assembly xmlns:xsi="http://www.w3.org/2001/XMLSchema-instance"
          xmlns="urn:maven:assembly:1.1.2">

  <id>distro</id>

  <formats>
    <format>zip</format>
    <format>tar.gz</format>
  </formats>

  <includeBaseDirectory>false</includeBaseDirectory>
  <dependencySets>
    <dependencySet>
      <unpack>true</unpack>
      <includes>
        <include>org.camunda.bpm.tomcat:camunda-tomcat-assembly</include>
      </includes>
      <outputDirectory />
    </dependencySet>


    <dependencySet>
      <unpack>true</unpack>
      <unpackOptions>
        <excludes>
          <exclude>**/META-INF/**</exclude>
        </excludes>
      </unpackOptions>
      <includes>
        <include>org.camunda.bpm.distro:camunda-sql-scripts:jar:*</include>
      </includes>
    </dependencySet>

    <dependencySet>
        <includes>
            <include>org.camunda.bpm:camunda-engine-rest:war:*</include>
        </includes>
        <outputDirectory>server/apache-tomcat-${version.tomcat}/webapps/engine-rest</outputDirectory>
        <unpack>true</unpack>
    </dependencySet>

    <dependencySet>
        <includes>
            <include>org.camunda.bpm.webapp:camunda-webapp-tomcat:war:*</include>
        </includes>
        <outputDirectory>server/apache-tomcat-${version.tomcat}/webapps/camunda</outputDirectory>
        <unpack>true</unpack>
    </dependencySet>

    <dependencySet>
        <includes>
            <include>org.camunda.bpm.example:camunda-example-invoice:war:*</include>
        </includes>
        <outputDirectory>server/apache-tomcat-${version.tomcat}/webapps/camunda-invoice</outputDirectory>
        <unpack>true</unpack>
    </dependencySet>

  </dependencySets>

  <fileSets>
    <fileSet>
      <directory>../../camunda-welcome</directory>
      <outputDirectory>server/apache-tomcat-${version.tomcat}/webapps/camunda-welcome</outputDirectory>
    </fileSet>
  </fileSets>
</assembly>
