<module xmlns="urn:jboss:module:1.0" name="org.camunda.spin.camunda-spin-dataformat-xml-dom">
  <resources>
    <resource-root path="camunda-spin-dataformat-xml-dom-@version.camunda.spin@.jar" />
  </resources>

  <dependencies>
    <module name="javax.api"/>
    <module name="javax.xml.bind.api"/>
    <module name="org.camunda.spin.camunda-spin-core" />
    <module name="org.camunda.commons.camunda-commons-logging" />
    <module name="org.camunda.commons.camunda-commons-utils" />
    <module name="org.camunda.commons.camunda-commons-typed-values" />
  </dependencies>

</module>
