<?xml version="1.0" encoding="UTF-8"?>
<assembly xmlns:xsi="http://www.w3.org/2001/XMLSchema-instance"
  xmlns="urn:maven:assembly:1.1.0-SNAPSHOT">

  <id>assemble</id>

  <formats>
    <format>zip</format>
  </formats>

  <includeBaseDirectory>false</includeBaseDirectory>

  <files>
    <file>
      <source>src/main/resources/license-book.txt</source>
      <lineEnding>crlf</lineEnding>
      <outputDirectory></outputDirectory>
      <destName>LICENSE_BOOK-${project.version}.txt</destName>
    </file>
  </files>
</assembly>
