<?xml version="1.0" encoding="UTF-8"?>
<assembly xmlns:xsi="http://www.w3.org/2001/XMLSchema-instance"
  xmlns="urn:maven:assembly:1.1.0-SNAPSHOT">
    
  <id>assemble</id>
    
  <formats>
    <format>tar.gz</format>
  </formats>

  <includeBaseDirectory>false</includeBaseDirectory>

  <dependencySets>
   <dependencySet>
      <outputDirectory>/</outputDirectory>
      <includes>
        <include>org.camunda.bpm:license-book:zip</include>
      </includes>
      <unpack>true</unpack>
    </dependencySet>
   <dependencySet>
      <outputDirectory>server/</outputDirectory>
      <includes>
        <include>org.apache.tomcat:tomcat:tar.gz</include>
      </includes>
      <unpackOptions>
        <excludes>
          <exclude>**/conf/server.xml</exclude>
        </excludes>
      </unpackOptions>
      <unpack>true</unpack>
    </dependencySet>
    <dependencySet>
      <outputDirectory>server/apache-tomcat-${version.tomcat}/lib</outputDirectory>
      <includes>

        <include>com.h2database:h2:jar</include>

        <include>org.camunda.bpm:camunda-engine:jar</include>
        <include>org.camunda.bpm.identity:camunda-identity-ldap:jar</include>

        <include>org.mybatis:mybatis:jar:*</include>
        <include>com.fasterxml.uuid:java-uuid-generator:jar:*</include>
        <include>joda-time:joda-time:jar:*</include>
        <include>org.codehaus.groovy:groovy:jar:*</include>
        <include>org.codehaus.groovy:groovy-jsr223:jar:*</include>
        <include>org.codehaus.groovy:groovy-json:jar:*</include>
        <include>org.codehaus.groovy:groovy-xml:jar:*</include>
        <include>org.codehaus.groovy:groovy-templates:jar:*</include>
        <include>org.graalvm.js:*</include>
        <include>org.graalvm.regex:regex:jar:*</include>
        <include>org.graalvm.truffle:truffle-api:jar:*</include>
        <include>org.graalvm.sdk:graal-sdk:jar:*</include>
        <include>com.ibm.icu:icu4j:jar:*</include>
        <include>org.slf4j:slf4j-api:jar:*</include>
        <include>org.slf4j:slf4j-jdk14:jar:*</include>

        <include>org.camunda.bpm:camunda-engine-plugin-*:jar</include>
        <include>org.camunda.spin:*:jar</include>
        <include>org.camunda.connect:*:jar</include>
        <include>org.camunda.commons:*:jar</include>

        <include>org.camunda.bpm.model:*:jar</include>
        <include>org.camunda.bpm.dmn:*:jar</include>
        <include>org.camunda.bpm.juel:*:jar</include>

        <include>org.camunda.feel:*:jar</include>

        <include>org.freemarker:*:jar</include>
        <include>org.camunda.template-engines:*:jar</include>
      </includes>
    </dependencySet>

    <dependencySet>
      <outputDirectory>lib/</outputDirectory>
      <includes>

        <include>com.h2database:h2:jar</include>

        <include>org.camunda.bpm:camunda-engine:jar</include>
        <include>org.camunda.bpm.identity:camunda-identity-ldap:jar</include>

        <include>org.mybatis:mybatis:jar:*</include>
        <include>com.fasterxml.uuid:java-uuid-generator:jar:*</include>
        <include>joda-time:joda-time:jar:*</include>
        <include>org.codehaus.groovy:groovy:jar:*</include>
        <include>org.codehaus.groovy:groovy-jsr223:jar:*</include>
        <include>org.codehaus.groovy:groovy-json:jar:*</include>
        <include>org.codehaus.groovy:groovy-xml:jar:*</include>
        <include>org.codehaus.groovy:groovy-templates:jar:*</include>
        <include>org.graalvm.js:*</include>
        <include>org.graalvm.regex:regex:jar:*</include>
        <include>org.graalvm.truffle:truffle-api:jar:*</include>
        <include>org.graalvm.sdk:graal-sdk:jar:*</include>
        <include>com.ibm.icu:icu4j:jar:*</include>
        <include>org.slf4j:slf4j-api:jar:*</include>
        <include>org.slf4j:slf4j-jdk14:jar:*</include>

        <include>org.camunda.bpm:camunda-engine-plugin-*:jar</include>
        <include>org.camunda.spin:*:jar</include>
        <include>org.camunda.connect:*:jar</include>
        <include>org.camunda.commons:*:jar</include>

        <include>org.camunda.bpm.model:*:jar</include>

        <include>org.camunda.bpm.dmn:*:jar</include>

        <include>org.camunda.feel:*:jar</include>

        <include>org.freemarker:*:jar</include>
        <include>org.camunda.template-engines:*:jar</include>
      </includes>
    </dependencySet>
  </dependencySets>

  <files>
    <file>
      <source>src/README.txt</source>
      <filtered>true</filtered>
      <lineEnding>crlf</lineEnding>
      <outputDirectory></outputDirectory>
    </file>
    <file>
      <source>../../license/LICENSE</source>
      <filtered>true</filtered>
      <lineEnding>crlf</lineEnding>
      <outputDirectory></outputDirectory>
    </file>
    <file>
      <source>../../license/NOTICE</source>
      <filtered>true</filtered>
      <lineEnding>crlf</lineEnding>
      <outputDirectory></outputDirectory>
    </file>
    <file>
      <source>src/start-camunda.bat</source>
      <filtered>true</filtered>
      <outputDirectory></outputDirectory>
    </file>
    <file>
      <source>src/start-camunda.sh</source>
      <filtered>true</filtered>
      <outputDirectory></outputDirectory>
      <fileMode>0755</fileMode>
    </file>
    <file>
      <source>src/shutdown-camunda.bat</source>
      <filtered>true</filtered>
      <outputDirectory></outputDirectory>
    </file>
    <file>
      <source>src/shutdown-camunda.sh</source>
      <filtered>true</filtered>
      <outputDirectory></outputDirectory>
      <fileMode>0755</fileMode>
    </file>

    <file>
      <source>src/conf/server.xml</source>
      <outputDirectory>server/apache-tomcat-${version.tomcat}/conf/</outputDirectory>
    </file>
    
    <file>
      <source>src/conf/bpm-platform.xml</source>
      <outputDirectory>server/apache-tomcat-${version.tomcat}/conf/</outputDirectory>
    </file>
      
    <file>
      <source>src/tomcat/setenv.bat</source>
      <outputDirectory>server/apache-tomcat-${version.tomcat}/bin/</outputDirectory>
    </file>
    <file>
      <source>src/tomcat/setenv.sh</source>
      <outputDirectory>server/apache-tomcat-${version.tomcat}/bin/</outputDirectory>
    </file>
  </files>
</assembly>
