<module xmlns="urn:jboss:module:1.0" name="org.camunda.connect.camunda-connect-soap-http-client">
  <resources>
    <resource-root path="camunda-connect-soap-http-client-@version.camunda.connect@.jar" />
  </resources>

  <dependencies>
    <module name="javax.api"/>
    <module name="org.camunda.commons.camunda-commons-logging" />
    <module name="org.camunda.commons.camunda-commons-utils" />

    <module name="org.camunda.connect.camunda-connect-core" />
    <module name="org.camunda.connect.camunda-connect-http-client" />

    <module name="org.apache.httpcomponents.httpclient" />
  </dependencies>
</module>
