<?xml version="1.0" encoding="UTF-8"?>
<assembly xmlns:xsi="http://www.w3.org/2001/XMLSchema-instance"
  xmlns="urn:maven:assembly:1.1.0-SNAPSHOT">
  
  <id>assemble</id>
  
  <formats>
    <format>tar.gz</format>
  </formats>

  <includeBaseDirectory>false</includeBaseDirectory>

  <dependencySets>
   <dependencySet>
      <outputDirectory>/</outputDirectory>
      <includes>
        <include>org.camunda.bpm:license-book:zip</include>
      </includes>
      <unpack>true</unpack>
    </dependencySet>
    <dependencySet>
      <outputDirectory>server</outputDirectory>
      <includes>
        <include>org.wildfly:wildfly-dist:tar.gz:${version.wildfly}</include>
      </includes>
      <unpack>true</unpack>      
      <unpackOptions>
        <excludes>
          <exclude>**/standalone/configuration/standalone.xml</exclude>        
          <exclude>**/standalone/configuration/standalone-full.xml</exclude> 
          <exclude>**/bin/standalone.conf</exclude>
          <exclude>**/bin/standalone.conf.bat</exclude>
          <!-- exclude wildfly's shipped version of h2database -->
          <exclude>**/h2database/**</exclude>
        </excludes>        
      </unpackOptions>      
    </dependencySet>
    <dependencySet>
      <outputDirectory>lib</outputDirectory>
      <includes>
        <include>org.camunda.bpm.javaee:camunda-ejb-client-jakarta:jar:${project.version}</include>
        <include>org.camunda.bpm:*</include>
        <include>org.camunda.bpm.identity:*</include>
        <include>org.camunda.bpm.model:*</include>
        <include>org.camunda.bpm.juel:*</include>
        <include>org.mybatis:mybatis:jar:*</include>
        <include>com.fasterxml.uuid:java-uuid-generator:jar:*</include>
        <include>joda-time:joda-time:jar:*</include>
        <include>org.codehaus.groovy:groovy:jar:*</include>
        <include>org.codehaus.groovy:groovy-jsr223:jar:*</include>
        <include>org.codehaus.groovy:groovy-json:jar:*</include>
        <include>org.codehaus.groovy:groovy-xml:jar:*</include>
        <include>org.codehaus.groovy:groovy-templates:jar:*</include>
        <include>org.graalvm.js:*</include>
        <include>org.graalvm.regex:regex:jar:*</include>
        <include>org.graalvm.truffle:truffle-api:jar:*</include>
        <include>org.graalvm.sdk:graal-sdk:jar:*</include>
        <include>com.ibm.icu:icu4j:jar:*</include>
      </includes>
    </dependencySet>
  </dependencySets>
  <fileSets>
    <fileSet>
      <directory>../modules/target/modules</directory>
      <outputDirectory>modules</outputDirectory>
    </fileSet>
    <fileSet>
      <directory>../modules/target/modules</directory>
      <outputDirectory>server/wildfly-${version.wildfly}/modules</outputDirectory>
    </fileSet>
  </fileSets>
  <files>
    <file>
      <source>src/README.txt</source>
      <filtered>true</filtered>
      <lineEnding>crlf</lineEnding>
      <outputDirectory></outputDirectory>
    </file>
    <file>
      <source>src/start-camunda.bat</source>
      <filtered>true</filtered>
      <outputDirectory></outputDirectory>
    </file>
    <file>
      <source>src/start-camunda.sh</source>
      <filtered>true</filtered>
      <outputDirectory></outputDirectory>
      <fileMode>0755</fileMode>
    </file>
    <file>
      <source>../../license/LICENSE</source>
      <filtered>true</filtered>
      <lineEnding>crlf</lineEnding>
      <outputDirectory></outputDirectory>
    </file>
    <file>
      <source>../../license/NOTICE</source>
      <filtered>true</filtered>
      <lineEnding>crlf</lineEnding>
      <outputDirectory></outputDirectory>
    </file>
    <file>
      <source>src/wildfly/standalone.xml</source>
      <outputDirectory>server/wildfly-${version.wildfly}/standalone/configuration</outputDirectory>
    </file>
    <file>
      <source>src/wildfly/standalone-full.xml</source>
      <outputDirectory>server/wildfly-${version.wildfly}/standalone/configuration</outputDirectory>
    </file>
    <file>
      <source>src/wildfly/standalone.conf</source>
      <outputDirectory>server/wildfly-${version.wildfly}/bin/</outputDirectory>
    </file>
    <file>
      <source>src/wildfly/standalone.conf.bat</source>
      <outputDirectory>server/wildfly-${version.wildfly}/bin/</outputDirectory>
    </file>
  </files>
</assembly>
